id;nome_fornitore;indirizzo;tipo
1;connecting Rubber Account;Shirt;ricche Rubber
2;neutrale L'Aquila;modelli;HDD Facilitator
3;Movies Plastic;massimizzata Auto mission-critical;globali Kuwaiti Incrocio
4;International Moderazione Electronics;Struttura;webservices auxiliary
5;digital;deposit bypass Fantastic;grey avanzata
6;full-range deposit;Account;Handmade
7;forti convergenze;generate Berkshire;Verbano-Cusio-Ossola
8;ridotta SSL PCI;temporale Direct;Borgo copy withdrawal
9;deposit pixel modelli;Tactics;up interfacce Bedfordshire
10;Plastic deposit Swaziland;Pizza Proiezione;omogenea
